group,name
shariq,sharin
shariq,sharil
shariq,thariq
shariq,sharik
shariq,sharij
khodiev,khodeev
khodiev,rhodie
khodiev,koriev
khodiev,khajiev
khodiev,kotiev
mandania,mandavia
mandania,antania
mandania,mandanà
mandania,dardania
mandania,nandani
toniolatti,bongiolatti
toniolatti,toffoletti
toniolatti,rondolotti
toniolatti,cacciolatti
toniolatti,tagliolatto
agnesens,agness
agnesens,agnees
agnesens,ahsens
agnesens,ansen
agnesens,consens
ഭാസ്ക്കരൻ ചെട്ടി,ഭാസ്ക്കരൻ കെ ടി
ഭാസ്ക്കരൻ ചെട്ടി,ഭാസ്ക്കരഷെട്ടി
ഭാസ്ക്കരൻ ചെട്ടി,ഭാസ്ക്കരൻ ടി
ഭാസ്ക്കരൻ ചെട്ടി,ഭാസ്ക്കരൻ മൂപ്പർ
ഭാസ്ക്കരൻ ചെട്ടി,ഭാസ്ക്കരൻ വി
ഹസ്സീർ,ഹസ്സീം
ഹസ്സീർ,അസ്സീല
ഹസ്സീർ,ജസ്റീർ
ഹസ്സീർ,ഹസ്സൽ
ഹസ്സീർ,ജസ്സോർ
samuel daniyel,samuel maniyan
samuel daniyel,samuel manuel
samuel daniyel,sanal daniel
samuel daniyel,nebul daniyel
samuel daniyel,sabudaniyel
tekalegne,tegegne
tekalegne,pralene
tekalegne,tanene
tekalegne,taline
tekalegne,telega
വത്സല എൻ,വത്സല എം
വത്സല എൻ,വത്സല എ.
വത്സല എൻ,വത്സല എസ്
വത്സല എൻ,വത്സലേശൻ
വത്സല എൻ,വത്സല ജെ
ബനഡിക്ട് തോമസ്സ്,നിമ്മി തോമസ്സ്
ബനഡിക്ട് തോമസ്സ്,ബെനഡിക്ട് ജോസഫ്
ബനഡിക്ട് തോമസ്സ്,ബിന്റോ തോമസ്സ്
ബനഡിക്ട് തോമസ്സ്,ബെനഡിക് തോമസ്
ബനഡിക്ട് തോമസ്സ്,സനിറ്റ് തോമസ്
പ്രശാന്ത് സദാശിവൻ,പ്രശാന്ത് ശിവം
പ്രശാന്ത് സദാശിവൻ,പ്രശാന്ത് സോമൻ
പ്രശാന്ത് സദാശിവൻ,പ്രശാന്ത് സുഗുണൻ
പ്രശാന്ത് സദാശിവൻ,പ്രശാന്ത് സി.ടി.
പ്രശാന്ത് സദാശിവൻ,പ്രശാന്ത് സിബി
jeongyeong,seonbyeong
jeongyeong,joonhyeong
jeongyeong,jegyeong
jeongyeong,jeongjoong
jeongyeong,joonyeong
അജയ് വിശ്വം,ജയാ വിശ്വം
അജയ് വിശ്വം,അനു വിശ്വം
അജയ് വിശ്വം,അജയ് വിഷ്ണു
അജയ് വിശ്വം,അനൂപ് വിശ്വം
അജയ് വിശ്വം,അജയ് ജിന്നൻ
സൗന്ദരപാണ്ട്യൻ,സിന്ദൂർ പാണ്ട്യൻ
സൗന്ദരപാണ്ട്യൻ,ബിന്ദു കണ്ട്യൻ
സൗന്ദരപാണ്ട്യൻ,സെൽവപാണ്ട്യൻ
സൗന്ദരപാണ്ട്യൻ,സുന്ദരപാണ്ഡി
സൗന്ദരപാണ്ട്യൻ,അലക്സ്പാണ്ട്യൻ
alhad,alhan
alhad,aahad
alhad,alhas
alhad,alfad
alhad,ashad
മാവിലൻ രാമൻ,മാവിലപ്രേമൻ
മാവിലൻ രാമൻ,മാവില പ്രേമൻ
മാവിലൻ രാമൻ,മാലിനി രാജൻ
മാവിലൻ രാമൻ,മിലി രാജൻ
മാവിലൻ രാമൻ,മിഥിലാ രാജൻ
ketteena,keheena
ketteena,ketleen
ketteena,kelbeena
ketteena,jesteena
ketteena,mehjeena
aseejaram,astejada
aseejaram,sujaram
aseejaram,asaram
aseejaram,vaseegaran
aseejaram,aseena.a
ബർണാഡ് ഡിക്രൂസ്,ബർണാഡ് ഡിക്സൺ
ബർണാഡ് ഡിക്രൂസ്,ബനാൻസ് ഡിക്രൂസ്
ബർണാഡ് ഡിക്രൂസ്,ബലിൻഡാ ഡിക്രൂസ്
ബർണാഡ് ഡിക്രൂസ്,ലോയിഡ് ഡിക്രൂസ്
ബർണാഡ് ഡിക്രൂസ്,ബർണാഡ് ഡിസൂസ
bilal sakkeer,bilal saleem
bilal sakkeer,simy sakkeer
bilal sakkeer,nazila sakkeer
bilal sakkeer,bilal majeed
bilal sakkeer,nisa sakeer
bellazreg,bellalem
bellazreg,ellazzem
bellazreg,al-azreg
bellazreg,bellazzi
bellazreg,belliure
കരയൻ ജയാനന്ദൻ,കരീന പരാനന്ദൻ
കരയൻ ജയാനന്ദൻ,എസ് ജയാനന്ദൻ
കരയൻ ജയാനന്ദൻ,ആർ ജയാനന്ദൻ
കരയൻ ജയാനന്ദൻ,എൻ സദാനന്ദൻ
കരയൻ ജയാനന്ദൻ,രാധ സദാനന്ദൻ
ടീനമോൾ എം. ടി,ഷംനമോൾ എം ടി
ടീനമോൾ എം. ടി,നീനമോൾ എം കെ
ടീനമോൾ എം. ടി,ഡൈനമോൾ എം ഡി
ടീനമോൾ എം. ടി,ഷീജമോൾ എം സി
ടീനമോൾ എം. ടി,വീണമോൾ എം ജി
വിദ്യമോൾ മോഹൻ പി എം,ശ്യം മോഹൻ പി എം
വിദ്യമോൾ മോഹൻ പി എം,നിത്യ മോഹൻ വി എം
വിദ്യമോൾ മോഹൻ പി എം,ഹൃദ്യാ മോഹൻ പി കെ
വിദ്യമോൾ മോഹൻ പി എം,ദിവ്യമോൾ പി എം
വിദ്യമോൾ മോഹൻ പി എം,വിദ്യമോൾ റ്റി പി
സലിമകുട്ടി,അലി കുട്ടി
സലിമകുട്ടി,ആലികുട്ടി
സലിമകുട്ടി,ജലിൻകുട്ടി
സലിമകുട്ടി,ഏലികുട്ടി
സലിമകുട്ടി,ആസിയകുട്ടി
appelles,appelbee
appelles,cappelle
appelles,cappellen
appelles,appell
appelles,appella
ronald rosariyo,vincy rosariyo
ronald rosariyo,gladirosariyo
ronald rosariyo,tojo rosariyo
ronald rosariyo,manuel rosariyo
ronald rosariyo,anne rosariyo
സയാന്ത് കെ,സയന്ത് കെ
സയാന്ത് കെ,ഉഷാന്ത് കെ
സയാന്ത് കെ,സാവന്ത് കെ
സയാന്ത് കെ,സായന്ത് കെ
സയാന്ത് കെ,ദശാന്ത് കെ
sija alphonsaa,sajna alphonsa
sija alphonsaa,siju alphonse
sija alphonsaa,anna alphonsa
sija alphonsaa,jini alphonsa
sija alphonsaa,jibi alphonsia
റിയ പി വർഗീസ്,റിയ സി വർഗീസ്
റിയ പി വർഗീസ്,റോയി പി വർഗീസ്
റിയ പി വർഗീസ്,റാണി പി വർഗീസ്
റിയ പി വർഗീസ്,ജസി പി വർഗീസ്
റിയ പി വർഗീസ്,ടി വി വർഗീസ്
cemenasco,cherasco
cemenasco,emenalo
cemenasco,menasbo
cemenasco,benasco
cemenasco,mônaco
joseph jusa,joseph jos
joseph jusa,joseph jose
joseph jusa,joseph c.a
joseph jusa,joseph john
joseph jusa,joseph aa
norhazrini,norhazlin
norhazrini,normarini
norhazrini,rohazriny
norhazrini,norsazlina
norhazrini,norshafrina
muhammed yassin,muhammed yasin
muhammed yassin,muhammed hassan
muhammed yassin,muhammed yasid
muhammed yassin,muhammed assan
muhammed yassin,muhammed rassik
vishnu sundar,vishnu sankar
vishnu sundar,vishnu sunil
vishnu sundar,vishnu sudhan
vishnu sundar,vibin sundar
vishnu sundar,binu sundar
റ്റിൻസി തോമസ്,റ്റിസി തോമസ്
റ്റിൻസി തോമസ്,റ്റിഫി തോമസ്
റ്റിൻസി തോമസ്,റിൻസി തോമസ്
റ്റിൻസി തോമസ്,റ്റിഷി തോമസ്
റ്റിൻസി തോമസ്,റ്റോംസി തോമസ്
റുമീസ റ്റി എസ്,സുമില റ്റി എസ്
റുമീസ റ്റി എസ്,റജീന റ്റി എസ്
റുമീസ റ്റി എസ്,ഷമീല റ്റി എസ്
റുമീസ റ്റി എസ്,സുമീനാ റ്റി എസ്
റുമീസ റ്റി എസ്,റഷീന റ്റി എസ്
sarriugarte,arruarte
sarriugarte,sarinnate
sarriugarte,marruganti
sarriugarte,harrissart
sarriugarte,arrarte
isaimurasu,ishimura
isaimurasu,saijudas
isaimurasu,sairass
isaimurasu,surasu
isaimurasu,asamasu
anitha bashajan,anitha kesavan
anitha bashajan,abitha madhavan
anitha bashajan,anitha basttin
anitha bashajan,anitha shaji
anitha bashajan,anisha raghavan
niranjan bi,niranjan pai
niranjan bi,neranjani
niranjan bi,niranjana aji
niranjan bi,niranjan nair
niranjan bi,rajan bi
rinate,rinete
rinate,rinae
rinate,rinald
rinate,rinde
rinate,zinath
അഞ്ജു വിഷ്ണു,അനുജ് വിഷ്ണു
അഞ്ജു വിഷ്ണു,സാഞ്ജുലി വിഷ്ണു
അഞ്ജു വിഷ്ണു,ഗുരു വിഷ്ണു
അഞ്ജു വിഷ്ണു,അനീഷ് വിഷ്ണു
അഞ്ജു വിഷ്ണു,ധീരജ് വിഷ്ണു
namitha kumaran,saritha kumaran
namitha kumaran,nigitha kumaran
namitha kumaran,ajitha kumaran
namitha kumaran,namitha kumar
namitha kumaran,babitha kumaran
aruaque,ruoque
aruaque,alhaque
aruaque,faraque
aruaque,faruque
aruaque,albaqme
hendrantoro,hendratno
hendrantoro,hendrinto
hendrantoro,zendratoc
hendrantoro,hendrino
hendrantoro,hendriyanto
ഇന്ദിര ആ൪,ഇന്ദിര ആർ
ഇന്ദിര ആ൪,ഇന്ദിര ജെ
ഇന്ദിര ആ൪,ഇന്ദിര കെ
ഇന്ദിര ആ൪,ഇന്ദിര പി
ഇന്ദിര ആ൪,ഇന്ദിര സി
അസ്‌ന തസ്‌നീം പന്താര,അസ്ന തസ്നീം. എസ്
അസ്‌ന തസ്‌നീം പന്താര,ഫസ്‌ന തസ്‌നീം
അസ്‌ന തസ്‌നീം പന്താര,അസീമ തസ്‌നീം ടി
അസ്‌ന തസ്‌നീം പന്താര,മിസ്‌ന തസ്‌നീം. സി.കെ
അസ്‌ന തസ്‌നീം പന്താര,ഹുസ്ന തസ്നീം പി
sini anna rajan,riya anna rajan
sini anna rajan,suhinna rajan
sini anna rajan,rea anna rajan
sini anna rajan,shilpa anna rajan
sini anna rajan,sini anna alex
alknaan,aluaan
alknaan,alnaaz
alknaan,alnaam
alknaan,alkarn
alknaan,alnaf
jayaram satheesan,bharat satheesan
jayaram satheesan,sajana satheesan
jayaram satheesan,akarsh satheesan
jayaram satheesan,gautham satheesan
jayaram satheesan,adarsh satheesan
binto sebastian,dinto sebastian
binto sebastian,jinto sebastian
binto sebastian,bijo sebastian
binto sebastian,beno sebastian
binto sebastian,rinto sebastyan
സത്‌വിക്ക് കെ,സജിക്ക് കെ
സത്‌വിക്ക് കെ,ഋത്വിക്ക് എം
സത്‌വിക്ക് കെ,അത്തിക്ക കെ
സത്‌വിക്ക് കെ,ഋത്വിക് കെ
സത്‌വിക്ക് കെ,സിദ്ധിക്ക് കെ
claudatos,laudato
claudatos,cladas
claudatos,laudetor
claudatos,claudio
claudatos,claudinor
rebicek,renick
rebicek,kebisek
rebicek,rebiger
rebicek,ribick
rebicek,rybnicek
ഫശ്ന,ഫസ്ന
ഫശ്ന,രശ്ന
ഫശ്ന,നസ്ന
ഫശ്ന,ഫെബ്ന
ഫശ്ന,ഫദ്ല
lúcio,luciá
lúcio,luczo
lúcio,lorio
lúcio,lúlia
lúcio,lacik
ലൗനേഷ് രാമക്യഷ്ണൻ,ധനേഷ് ക്യഷ്ണൻ
ലൗനേഷ് രാമക്യഷ്ണൻ,രമേഷ് രാമകൃഷ്ണൻ
ലൗനേഷ് രാമക്യഷ്ണൻ,അനീഷ് രാമകൃഷ്ണൻ
ലൗനേഷ് രാമക്യഷ്ണൻ,ഹനീഷ് രാമകൃഷ്ണൻ
ലൗനേഷ് രാമക്യഷ്ണൻ,ആനന്ദ് രാമകൃഷ്ണൻ
സുഹറാ ഹുസൈൻ,സജനാ ഹുസൈൻ
സുഹറാ ഹുസൈൻ,സുഹറാ ഹസ്സൻ
സുഹറാ ഹുസൈൻ,സാറ ഹുസൈൻ
സുഹറാ ഹുസൈൻ,സഹല ഹുസൈൻ
സുഹറാ ഹുസൈൻ,സുനീറ ഹുസൈൻ
വിജയക്കുമാർ കെ വി,വിജയകുമാർ കെ വി
വിജയക്കുമാർ കെ വി,വിനോദ്കുമാർ കെ വി
വിജയക്കുമാർ കെ വി,വിനയ് കുമാർ കെ വി
വിജയക്കുമാർ കെ വി,വിജയകുമാർ കെ ജി
വിജയക്കുമാർ കെ വി,വിജയകുമാർ കെ. ജി
baby subhashini,baby subashini
baby subhashini,vi. subhashini
baby subhashini,baby suhaina
baby subhashini,baby shalini
baby subhashini,baby shyamini
haiming,haimin
haiming,haiting
haiming,daiming
haiming,gaiming
haiming,aijing
meltretter,eltester
meltretter,melnattur
meltretter,marcreitter
meltretter,kalkreuter
meltretter,letter
ദീപേന്ദു ഡി,ദീപ്ചന്ദ് സി
ദീപേന്ദു ഡി,ദീപ്തി ഡി
ദീപേന്ദു ഡി,ദീപേഷ് സി
ദീപേന്ദു ഡി,ദീപു ഡി
ദീപേന്ദു ഡി,നന്ദു ഡി
grigoriew,grigorius
grigoriew,grigorievc
grigoriew,grigorová
grigoriew,hrigorij
grigoriew,grigory
രാകേഷ് റ്റി,രാജേഷ്‌ റ്റി
രാകേഷ് റ്റി,രാജേഷ് പോറ്റി
രാകേഷ് റ്റി,ജയേഷ് റ്റി
രാകേഷ് റ്റി,രാകേഷ് വി
രാകേഷ് റ്റി,ധനേഷ് റ്റി
nasila.c.n.,nasila.k.p
nasila.c.n.,nasiya.p.n
nasila.c.n.,nasila.bi.k.
nasila.c.n.,nabala.t.n
nasila.c.n.,nasila k.a
obeysekere,abeysekara
obeysekere,abeyesekera
obeysekere,obesebea
obeysekere,besemer
obeysekere,zeybeker
k.si.vasanda,c.vi.vasanda
k.si.vasanda,m.m.vasanda
k.si.vasanda,k.p.vasandi
k.si.vasanda,m.c.vasanda
k.si.vasanda,t.si.vi.sanda
സോന ബ്ലെയ്സൻ,സി. ജെയ്സൻ
സോന ബ്ലെയ്സൻ,നിഷ ബ്ലെസൻ
സോന ബ്ലെയ്സൻ,മേരി ബ്ലെയ്സ്
സോന ബ്ലെയ്സൻ,സാൻസി ബ്ലയ്സൻ
സോന ബ്ലെയ്സൻ,സോന ബിലേഷ്
colemann,culemann
colemann,holemann
colemann,collman
colemann,poleman
colemann,coeman
vajitha,vajipha
vajitha,lajitha
vajitha,vagitha
vajitha,ajitha
vajitha,aajitha
enoque,enque
enoque,inoque
enoque,noque
enoque,enoche
enoque,enobe
tanyasri,tayarri
tanyasri,thaanyasri
tanyasri,panyasiri
tanyasri,tanyara
tanyasri,jayasri
fequiere,requier
fequiere,jequier
fequiere,sequiera
fequiere,ferrière
fequiere,doquier
വേണു പി,വേണു സി
വേണു പി,വേണു ജി
വേണു പി,വേലു.പി
വേണു പി,വേണു കെ
വേണു പി,വാസു പി
sparna,sparsa
sparna,suarna
sparna,swarna
sparna,spurna
sparna,suparna
ani chinnan,ani nainan
ani chinnan,jaya chinnan
ani chinnan,anirvinnan
ani chinnan,sanjo chinnan
ani chinnan,ani chandran
ഫാത്തിമത്ത് ഷിബിൻഷ,ഫാത്തിമത്ത് ഷിബിന
ഫാത്തിമത്ത് ഷിബിൻഷ,ഫാത്തിമത്ത് ഷിബ്ന
ഫാത്തിമത്ത് ഷിബിൻഷ,ഫാത്തിമത്ത് റിനീഷ
ഫാത്തിമത്ത് ഷിബിൻഷ,ഫാത്തിമത്ത് ഫേബിന
ഫാത്തിമത്ത് ഷിബിൻഷ,ഫാത്തിമത്ത് സാബിറ
vidya mavila chathoth,vidya chathoth
vidya mavila chathoth,siya mariya santhosh
vidya mavila chathoth,raghavan chathoth
vidya mavila chathoth,vidhya balachandran
vidya mavila chathoth,doniya maria chacko
അലിമത്ത് രേഷ്മ,അയിഷത്ത് രെഷ്മ
അലിമത്ത് രേഷ്മ,അലിമത്ത് ശരീഫ
അലിമത്ത് രേഷ്മ,അലിമത്ത് സമിന
അലിമത്ത് രേഷ്മ,അലീമത്ത് ആദില
അലിമത്ത് രേഷ്മ,സജിത്ത് സുരേഷ്
sooley,somley
sooley,sloley
sooley,soomee
sooley,sulley
sooley,hoxley
kimpara,kompara
kimpara,kinpara
kimpara,kimbaras
kimpara,kimlira
kimpara,kimiora
pingao,pinga
pingao,pingtao
pingao,pinhao
pingao,pingzo
pingao,gingo
അബൂബക്കർ സാദിക്ക് എം,അബൂബക്കർ സാദിക് എം
അബൂബക്കർ സാദിക്ക് എം,അബൂബക്കർ സിദ്ദിക്ക് എം
അബൂബക്കർ സാദിക്ക് എം,അബൂബക്കർ സിദ്ദീക്ക് എം
അബൂബക്കർ സാദിക്ക് എം,അബുബക്കർ സിദ്ധിക്ക് എം
അബൂബക്കർ സാദിക്ക് എം,അബൂബക്കർ സിദ്ധിക്ക് കെ
latiesha,lateesha
latiesha,latesh
latiesha,la'tisha
latiesha,lailesha
latiesha,lakresha
орус,ворос
орус,онур
орус,форис
орус,анус
орус,лорис
mary mathew,marly mathew
mary mathew,majy mathew
mary mathew,mony mathew
mary mathew,jery mathew
mary mathew,baby mathew
minimo,minigo
minimo,minino
minimo,minio
minimo,minimol
minimo,minime
peer mohamad,peer mohamed
peer mohamad,peeru mohamed
peer mohamad,peer mohammed
peer mohamad,peer muhamed
peer mohamad,deen mohamed
ലതിക സജിത്ത്,വി സജിത്ത്
ലതിക സജിത്ത്,ടി. സജിത്ത്
ലതിക സജിത്ത്,ആതിര ജിത്ത്
ലതിക സജിത്ത്,സി സജിത്ത്
ലതിക സജിത്ത്,ഡി അജിത്ത്
sherine biju,sherine sijo
sherine biju,shelbin biju
sherine biju,sheena biju
sherine biju,sherin banu
sherine biju,shari biju
deepthy devarajan,deepthi devarajan
deepthy devarajan,deepthy divakaran
deepthy devarajan,deepthi p.devarajan
deepthy devarajan,deepthl divakaran
deepthy devarajan,deethu devaraj
zunaida,runaida
zunaida,zunaidah
zunaida,zunaidb
zunaida,hunaida
zunaida,zubaida
barraquio,baldaquim
barraquio,barracco
barraquio,barracho
barraquio,barbasio
barraquio,barrai
baiju nazar,anju nazar
baiju nazar,sainu nazar
baiju nazar,baiju nair
baiju nazar,abdu nazar
baiju nazar,anju nayar
oralla,owalla
oralla,orela
oralla,orélia
oralla,ramla
oralla,boralle
ദീപക് .പി.നമ്പ്യാ൪,സൂരജ് പി നമ്പ്യാർ
ദീപക് .പി.നമ്പ്യാ൪,സി.പി.നമ്പ്യാർ
ദീപക് .പി.നമ്പ്യാ൪,ദീപ എം നമ്പ്യാർ
ദീപക് .പി.നമ്പ്യാ൪,സതീർഥ് ജി നമ്പ്യാർ
ദീപക് .പി.നമ്പ്യാ൪,നയന പി നമ്പ്യാർ
ഹരിദാസ് എൻ,ഹരിദാസ് എം
ഹരിദാസ് എൻ,ഹരി എസ് എൻ
ഹരിദാസ് എൻ,ഹരിദാസ് ജെ
ഹരിദാസ് എൻ,ഹരിദാസ് ടി
ഹരിദാസ് എൻ,ഹരിദാസ് വി
arunodari,arun hari
arunodari,arunodi
arunodari,arunhari
arunodari,arun das
arunodari,arunadevi
jelin,jefin
jelin,jeslin
jelin,nelin
jelin,delin
jelin,selin
khaisudeen,shamsudeen
khaisudeen,khaisuddheen
khaisudeen,isudeen
khaisudeen,thahudeen
khaisudeen,sainudeen
abdul manafa,abdul manaf
abdul manafa,abdul manaf.a
abdul manafa,abdhul manaf
abdul manafa,abdulmanaf
abdul manafa,abdu manaf
klawansky,klabansky
klawansky,klivansky
klawansky,krabansky
klawansky,klanatsky
klawansky,olansky
магсума,марсум
магсума,магама
магсума,масуфа
магсума,васима
магсума,мамуда
ചിഞ്ചു വേണുഗോപാൽ,സിന്ധു വേണുഗോപാൽ
ചിഞ്ചു വേണുഗോപാൽ,നിമ്മി വേണുഗോപാൽ
ചിഞ്ചു വേണുഗോപാൽ,ബിജു വേണുഗോപാൽ
ചിഞ്ചു വേണുഗോപാൽ,അനന്തു വേണുഗോപാൽ
ചിഞ്ചു വേണുഗോപാൽ,അജ്ഞു വേണുഗോപാൽ
മിഥുൻ പി സിദ്ധാർത്ഥൻ,മിഥുൻ സിദ്ധാർത്ഥൻ
മിഥുൻ പി സിദ്ധാർത്ഥൻ,ജിബിൻ സിദ്ധാർത്ഥൻ
മിഥുൻ പി സിദ്ധാർത്ഥൻ,സിംലി സിദ്ധാർത്ഥൻ
മിഥുൻ പി സിദ്ധാർത്ഥൻ,അരുൺ വി സിദ്ധാർത്ഥ്
മിഥുൻ പി സിദ്ധാർത്ഥൻ,ബിജു സിദ്ധാർത്ഥൻ
സി.എം.ആലി,സി.എം.ആബിദ
സി.എം.ആലി,സി.എം.ഷീന
സി.എം.ആലി,സി.എം.സിനി
സി.എം.ആലി,സി.എം.റഫിയ
സി.എം.ആലി,സതി.എം.ടി
jijichandran,prijichandran
jijichandran,viji chandran
jijichandran,jibi chandran
jijichandran,jiju chandran
jijichandran,jebichandran
കവിത,സവിത
കവിത,വവിത
കവിത,ഭവിത
കവിത,റവിത
കവിത,രവിത
al-marazeeq,al-aaragee
al-marazeeq,al-marzooq
al-marazeeq,al-maracy
al-marazeeq,al-marie
al-marazeeq,al-garaibeh
ബഷീ൪ പിപി,ബഷീ൪ പി
ബഷീ൪ പിപി,ബഷീന പി ബി
ബഷീ൪ പിപി,ഹഫീല പിപി
ബഷീ൪ പിപി,ഷീബ പിവി
ബഷീ൪ പിപി,ഷീജ പി.പി
രാമയ്യൻനാടാർ,ദാസയ്യൻനാടാർ
രാമയ്യൻനാടാർ,ദാമോദരൻനാടാർ
രാമയ്യൻനാടാർ,രാമയ്യ രാമർ
രാമയ്യൻനാടാർ,ദാസ്സയ്യൻനാടാർ
രാമയ്യൻനാടാർ,സുമുഖൻനാടാർ
el dousky,el dosoky
el dousky,el dossary
el dousky,el kosy
el dousky,ladovsky
el dousky,lesousky
zgrajek,zgrabik
zgrajek,gratek
zgrajek,zrayek
zgrajek,srajek
zgrajek,grane
ക്രിസ്തന ഡി സോസ,ക്രിസ്തിന ഡിസൂസ
ക്രിസ്തന ഡി സോസ,മൗരിസ് ഡി സൂസ
ക്രിസ്തന ഡി സോസ,ക്രിസ്റ്റൻ ഡിസൂസ
ക്രിസ്തന ഡി സോസ,ക്രിസ്ത്യൻ ജോൺ
ക്രിസ്തന ഡി സോസ,ക്രിസാന്ത് പി ജോസ്
risya,drisya
risya,risa
risya,isya
risya,risyad
risya,risna
havelaar,kavelaars
havelaar,tazelaar
havelaar,avillar
havelaar,tazelarr
havelaar,havera
thresi robert,agnes robert
thresi robert,thresia gilbert
thresi robert,fredy robert
thresi robert,renu robert
thresi robert,rexy robert
jonsan farnanras,diksan farnandas
jonsan farnanras,densan fernandas
jonsan farnanras,ansan fernandas
jonsan farnanras,jafsan farnnandas
jonsan farnanras,jos farnandas
ദിനേഷ് ഗോപാലൻ,മുകേഷ് ഗോപാലൻ
ദിനേഷ് ഗോപാലൻ,ദീനേഷ് ഗോപാൽ
ദിനേഷ് ഗോപാലൻ,അനിഷ് ഗോപാലൻ
ദിനേഷ് ഗോപാലൻ,ജനീഷ് ഗോപാലൻ
ദിനേഷ് ഗോപാലൻ,ദിനേഷ് ഗോപി
മുഹമ്മദ്കുഞ്ഞി സി എച്ച്,മുഹമ്മദ്കുഞ്ഞി പി എച്ച്
മുഹമ്മദ്കുഞ്ഞി സി എച്ച്,മുഹമ്മദ്കുഞ്ഞി കെ എച്ച്
മുഹമ്മദ്കുഞ്ഞി സി എച്ച്,മുഹമ്മദ് കുഞ്ഞി എസ് എച്ച്
മുഹമ്മദ്കുഞ്ഞി സി എച്ച്,മുഹമ്മദ്കുഞ്ഞി ടി എം
മുഹമ്മദ്കുഞ്ഞി സി എച്ച്,മുഹമ്മദ് കുഞ്ഞി സി എൻ
saraswathykuttyamma,saraswathikuttyamma
saraswathykuttyamma,saraswathyyamma
saraswathykuttyamma,saraswathykutty
saraswathykuttyamma,saraswathy amma
saraswathykuttyamma,sarasakuttiyamma
lessaris,lyssaris
lessaris,lesporis
lessaris,petsaris
lessaris,lessard
lessaris,passaris
mahesha nayk em,mahesha bi ke
mahesha nayk em,ramesha nayik pi
mahesha nayk em,nagesha nayk
mahesha nayk em,mahesh sajeev
mahesha nayk em,mahesh .em
അമരേഷൻ,അമരേഷ്
അമരേഷൻ,അമരേസൺ
അമരേഷൻ,ഉമേഷൻ
അമരേഷൻ,അമരസേനൻ
അമരേഷൻ,അമർഷൻ
bojens,bohlens
bojens,boweng
bojens,bujans
bojens,loijens
bojens,berens
ഭാഗ്യ സി വി,ഭാഗ്യ സി പി
ഭാഗ്യ സി വി,ഭാസി സി വി
ഭാഗ്യ സി വി,രമ്യ സി വി
ഭാഗ്യ സി വി,ഷമ്യ സി വി
ഭാഗ്യ സി വി,സത്യ സി വി
ചന്ദ്രാ ജയിൻ,ചന്ദ്രൻ ജി
ചന്ദ്രാ ജയിൻ,ചന്ദ്രാബായി
ചന്ദ്രാ ജയിൻ,ചന്ദ്രാഗധൻ
ചന്ദ്രാ ജയിൻ,ചന്ദ്രാവകി
ചന്ദ്രാ ജയിൻ,സന്ദ്രാ സജീവൻ
ജുമൈലത്ത് ടി കെ,ജുമൈലത്ത് പി പി
ജുമൈലത്ത് ടി കെ,ജുമൈലത്ത് എൻ ജെ
ജുമൈലത്ത് ടി കെ,സുബൈബത്ത് ടി കെ
ജുമൈലത്ത് ടി കെ,ഫുറൈഹത്ത് ടി കെ
ജുമൈലത്ത് ടി കെ,രമിത്ത് ടി കെ
സുരേഷ് ലക്ഷ്മൺ,സഞ്ജയ് ലക്ഷ്മൺ
സുരേഷ് ലക്ഷ്മൺ,സുര്യ ലക്ഷ്മി
സുരേഷ് ലക്ഷ്മൺ,സുബ്ബ് ലക്ഷ്മി
സുരേഷ് ലക്ഷ്മൺ,ധനേഷ് ലക്ഷ്മണൻ
സുരേഷ് ലക്ഷ്മൺ,സുമിജ ലക്ഷ്മി
ماركيدي,ماركيولي
ماركيدي,ماركيس
ماركيدي,ماركين
ماركيدي,ماريلي
ماركيدي,ماركيسا
brugma,rugma
brugma,bruglia
brugma,bugman
brugma,ruma
brugma,rukma
rosy.m.a,rosynisa
rosy.m.a,josy.k.j
rosy.m.a,rosammaa
rosy.m.a,afsa.m.a
rosy.m.a,royamma
ജോർജ്ജ് ജോൺസൻ,ജോർജ്ജ് ജോസ്
ജോർജ്ജ് ജോൺസൻ,ജോർജ്ജ് ജോമോൻ
ജോർജ്ജ് ജോൺസൻ,ജോർജ്ജ് രോഹൻ
ജോർജ്ജ് ജോൺസൻ,ജോർജ്ജ് ടെൻസൻ
ജോർജ്ജ് ജോൺസൻ,ജോർജ്ജ് ബോണൻ
vadakkathi shyamala,kadankodan shyamala
vadakkathi shyamala,pulikkal shyamala
vadakkathi shyamala,mundakkath shylaja
vadakkathi shyamala,vadavathishaima
vadakkathi shyamala,thirikkoth shyamala
otegbeye,otegbayo
otegbeye,ntegeye
otegbeye,megbey
otegbeye,oezbey
otegbeye,ojegbemi
prajesh kumar,rajesh kumar
prajesh kumar,prajeshkumar
prajesh kumar,prajeesh kumar
prajesh kumar,pramesh kumar
prajesh kumar,pravesh kumar
sanina,samina
sanina,saniaa
sanina,sawina
sanina,sapina
sanina,lanina
സുധീഷ്കുമാർ എസ് ബി,സുനീഷ്കുമാർ സി ബി
സുധീഷ്കുമാർ എസ് ബി,സുജേഷ്കുമാർ എസ് വി
സുധീഷ്കുമാർ എസ് ബി,സുധീഷ് കുമാർ എസ് കെ
സുധീഷ്കുമാർ എസ് ബി,സുധീഷ് കുമാർ എസ് ആർ
സുധീഷ്കുമാർ എസ് ബി,സുലീഷ്കുമാർ എസ് എൽ
palayiwa,palayya
palayiwa,palagia
palayiwa,alayia
palayiwa,palaisa
palayiwa,kalyowa
അലീഷ സണ്ണി,അലിഷ സണ്ണി
അലീഷ സണ്ണി,സലീന സണ്ണി
അലീഷ സണ്ണി,അനീന സണ്ണി
അലീഷ സണ്ണി,അലീഷ ആൻറണി
അലീഷ സണ്ണി,അലീഷ സി
azuta,amzuta
azuta,azuba
azuta,azuka
azuta,abuta
azuta,azza
രാധ എൻ എച്ച്,സജന എൻ എച്ച്
രാധ എൻ എച്ച്,രാജ സി എച്ച്
രാധ എൻ എച്ച്,ഷംന എൻ എച്ച്
രാധ എൻ എച്ച്,സരിത എൻ എച്ച്
രാധ എൻ എച്ച്,മാഹിൻ എൻ എച്ച്
das.d.c,jasid.j
das.d.c,vasid.n
das.d.c,masin.c
das.d.c,rasid.b
das.d.c,dasdev
ടി വിനു,ടി വിനയൻ
ടി വിനു,എം വിനു
ടി വിനു,എൻ വിനു
ടി വിനു,കെ വിനു
ടി വിനു,ടി ജിനി
ശാന്ത എൻ ഡി,ശാന്ത എൻ ബി
ശാന്ത എൻ ഡി,ശാന്ത വി ഡി
ശാന്ത എൻ ഡി,ശാന്ത എൻ
ശാന്ത എൻ ഡി,കാവ്യ എൻ ഡി
ശാന്ത എൻ ഡി,ശാന്ത കെ വി
dhanalakshmi. m.v,dhanalakshmi. p.
dhanalakshmi. m.v,dhanyalakshmi. k.v.
dhanalakshmi. m.v,dhanalakshmi.t.m
dhanalakshmi. m.v,dhanalakshmi k.
dhanalakshmi. m.v,dhanalakshmi.p.r
phyllisienne,phyllissa
phyllisienne,péllisier
phyllisienne,malidienne
phyllisienne,philisie
phyllisienne,phyllisa
veena shenay,veena shenoy
veena shenay,deepa shenay
veena shenay,veena senoy
veena shenay,deepa shenoy
veena shenay,teena henry
മേഘ പി.പി,മേഘ വി സി
മേഘ പി.പി,മേഘന പി.ആർ
മേഘ പി.പി,അനഘ വി.പി
മേഘ പി.പി,മേഘ പോൾ പി
മേഘ പി.പി,രമണി പി.പി
syoge,hyoue
syoge,syoof
syoge,ryogi
syoge,scogn
syoge,nyome
shifna kadeeja,shiza khadeeja
shifna kadeeja,shafna kareem
shifna kadeeja,hanna khadeeja
shifna kadeeja,hinu khadeeja
shifna kadeeja,saifna haneefa
akhremtsova,akhremhova
akhremtsova,kurentsova
akhremtsova,rakhletsova
akhremtsova,mokretsova
akhremtsova,astretsov
diveej,divert
diveej,dineep
diveej,dileef
diveej,diveu
diveej,livees
വേലപ്പൻആശാരി,കോലപ്പൻആചാരി
വേലപ്പൻആശാരി,വേലപ്പൻ വി
വേലപ്പൻആശാരി,വേലപ്പൻ പി
വേലപ്പൻആശാരി,സരസപ്പൻ ആശാരി
വേലപ്പൻആശാരി,നാഗപ്പൻ ആശാരി
husajr,husair
husajr,hasair
husajr,hajr
husajr,huster
husajr,kusaji
tsanuo,tatuo
tsanuo,tazuo
tsanuo,tanuf
tsanuo,tzanno
tsanuo,sanup
ജെറി അരൂൺ ജോസഫ്,ജെഫി സാം ജോസഫ്
ജെറി അരൂൺ ജോസഫ്,ജെറിൻ ജിയോ ജോസഫ്
ജെറി അരൂൺ ജോസഫ്,ജെസി പി ജോസഫ്
ജെറി അരൂൺ ജോസഫ്,ജെഫി സാറാ ജോസഫ്
ജെറി അരൂൺ ജോസഫ്,ജെറോൺ ജോസഫ്
mary ambika jose,mary nona jose
mary ambika jose,mariyamma jose
mary ambika jose,mary jiji jose
mary ambika jose,mariaamma jose
mary ambika jose,mary amma joseph
ശ്യാംലാൽ സി.എസ്,ശ്യാംലാൽ വി എസ്
ശ്യാംലാൽ സി.എസ്,ശ്യാംലാൽ വൈ എസ്
ശ്യാംലാൽ സി.എസ്,ശ്യാംലാൽ എസ്
ശ്യാംലാൽ സി.എസ്,ശ്യാംലാൽ എൻ എസ്
ശ്യാംലാൽ സി.എസ്,ശ്യാംലാൽ സി പി
nikous,nikoui
nikous,nickols
nikous,bilous
nikous,niklu
nikous,sivous
burekhin,kurekhin
burekhin,byrikhin
burekhin,brenhin
burekhin,lupekhin
burekhin,kurikhin
عَلُوت,عَنُوت
عَلُوت,كَلُوت
عَلُوت,عَمُوش
عَلُوت,مَلُوم
عَلُوت,قَتُوت
nazni,nazini
nazni,nani
nazni,nazani
nazni,naeni
nazni,nazn
timmanagouda,nanagouda
timmanagouda,linganagoudar
timmanagouda,tiangoua
timmanagouda,mallanagouda
timmanagouda,shambanagouda
pimpanitpa,pi vanitha
pimpanitpa,pampaniya
pimpanitpa,pi anitha
pimpanitpa,pi. anitha
pimpanitpa,p.v.anitha
റോഷ്‌നി കൃഷ്ണൻ .കെ.വി,കുഞ്ഞികൃഷ്ണൻ .കെ.വി
റോഷ്‌നി കൃഷ്ണൻ .കെ.വി,ജിഷ്ണു കൃഷ്ണൻ കെ.പി
റോഷ്‌നി കൃഷ്ണൻ .കെ.വി,ഉണ്ണികൃഷ്ണൻ .കെ.പി
റോഷ്‌നി കൃഷ്ണൻ .കെ.വി,അർച്ചന കൃഷ്ണൻ കെ വി
റോഷ്‌നി കൃഷ്ണൻ .കെ.വി,ആനന്ദ കൃഷ്ണൻ കെ വി
saibunmi,akinbunmi
saibunmi,saibu tp
saibunmi,sainutti
saibunmi,sankunni
saibunmi,sailun
ananthabaskaran,anjanabhaskaran
ananthabaskaran,ananthasayanan
ananthabaskaran,anandu bhaskaran
ananthabaskaran,ananthasekharan
ananthabaskaran,aswanth bhaskaran
viasov,glasov
viasov,vikas.v
viasov,tasov
viasov,basov
viasov,nasov
ശാന്താദേവി അമ്മ,ശാന്താദേവിയമ്മ
ശാന്താദേവി അമ്മ,ശ്രീദേവി അമ്മ
ശാന്താദേവി അമ്മ,ഭദ്രാദേവി അമ്മ
ശാന്താദേവി അമ്മ,ചിന്താമണി അമ്മ
ശാന്താദേവി അമ്മ,ഇന്ദിരാദേവി അമ്മ
هيروكاوا,هاروكاوا
هيروكاوا,شيموكاوا
هيروكاوا,شيوكاوا
هيروكاوا,ايريكالا
هيروكاوا,هيروتسوج
പ്രദീപ് എം കൃഷ്ണൻ,സന്ദീപ് കെ കൃഷ്ണൻ
പ്രദീപ് എം കൃഷ്ണൻ,പ്രതീഷ് കൃഷ്ണൻ
പ്രദീപ് എം കൃഷ്ണൻ,പ്രസീത് ബാലകൃഷ്ണൻ
പ്രദീപ് എം കൃഷ്ണൻ,പ്രീജ ജി കൃഷ്ണൻ
പ്രദീപ് എം കൃഷ്ണൻ,പി ദീപ്തി കൃഷ്ണൻ
ആപ്പൻ,പപ്പൻ
ആപ്പൻ,ശപ്പല
ആപ്പൻ,ഈശപ്പൻ
ആപ്പൻ,ആന്സൻ
ആപ്പൻ,ആര്യൻ
quintais,quintaes
quintais,quintain
quintais,quintaine
quintais,quintal
quintais,quintane
fragale,fragile
fragale,magale
fragale,fazale
fragale,wagale
fragale,agale
alif noushad,a. noushad
alif noushad,ajmi noushad
alif noushad,adhil noushad
alif noushad,najid noushad
alif noushad,alinaushad
sindiyani,sindiany
sindiyani,sindiane
sindiyani,sindiya
sindiyani,sandirani
sindiyani,windiani
shahand,shahan
shahand,shahana
shahand,shahanad
shahand,shahad
shahand,shajhana
ജോസഫ് ഡാനിയൽ,ജോസഫ് ഡാമിയൻ
ജോസഫ് ഡാനിയൽ,ജോസഫ് മാനുവൽ
ജോസഫ് ഡാനിയൽ,ജോർജ്ഡാനിയൽ
ജോസഫ് ഡാനിയൽ,ജോസഫ് ഡോയൽ
ജോസഫ് ഡാനിയൽ,ജോസഫ് ഡാലിൻ
ആമിന പി ആർ,ആമിന ബി ആർ
ആമിന പി ആർ,ജമുന പി ആർ
ആമിന പി ആർ,ആഷ്ന പി ആർ
ആമിന പി ആർ,ആമിന പി വി
ആമിന പി ആർ,ആഗിന ജി ആർ
shamrani,hamrani
shamrani,shamran
shamrani,shamrai
shamrani,shamabi
shamrani,shaman
shereef ke.e,shereef.k.k
shereef ke.e,shereef b.k
shereef ke.e,shereef v.a
shereef ke.e,shereef .p
shereef ke.e,shereefa.p
ബിബിനേഷ് കുമാർ,ബിഗിനേഷ് കുമാർ
ബിബിനേഷ് കുമാർ,ബിജിലേഷ് കുമാർ
ബിബിനേഷ് കുമാർ,ബിനേഷ് കുമാർ
ബിബിനേഷ് കുമാർ,അബിനേഷ് കുമാർ
ബിബിനേഷ് കുമാർ,ഭവിനേഷ് കുമാർ
ഹസീന വാളപ്ര,ജമീല വാളപ്ര
ഹസീന വാളപ്ര,ഷമീമ വാളപ്ര
ഹസീന വാളപ്ര,ഹസീന അനൂപ്‌
ഹസീന വാളപ്ര,ഹസീന താജ്
ഹസീന വാളപ്ര,ഹസീന റാഷ്
romanetto,omenetto
romanetto,roja netto
romanetto,romanto
romanetto,ranette
romanetto,fornetto
മിഥുൻരാജ് പി,റിഥുൻരാജ് പി
മിഥുൻരാജ് പി,ഷിഥുൻരാജ് പി
മിഥുൻരാജ് പി,മിഥുൻരാജ് സി
മിഥുൻരാജ് പി,മിഥുലാജ് പി
മിഥുൻരാജ് പി,മിഥുൻ രാജ് ടി
വിഷ്ണു രാജൻ ആർ,വിഷ്ണുു രാജ് ആർ
വിഷ്ണു രാജൻ ആർ,വിഷ്ണുരാജ് ആർ
വിഷ്ണു രാജൻ ആർ,ജിഷ്ണു രാജ്. ആർ
വിഷ്ണു രാജൻ ആർ,വിഷ്ണു രാജ് വി
വിഷ്ണു രാജൻ ആർ,വിഷ്ണു രാജൻ എസ്
സാന്റസ്,സാന്റിസ്
സാന്റസ്,സാന്റോസ്
സാന്റസ്,സെന്റ്
സാന്റസ്,സാന എസ്
സാന്റസ്,ജാന്റോസ്
സൈതലവി. യു,സൈതലവി സി
സൈതലവി. യു,സൈതലവി വി
സൈതലവി. യു,സൈതലവി .എ
സൈതലവി. യു,സൈതലവി പി
സൈതലവി. യു,സൈതലവി.ടി
gavart,gahart
gavart,damart
gavart,mafart
gavart,hivart
gavart,sapart
amitha achu thomas,rithu achu thomas
amitha achu thomas,amith anto thomas
amitha achu thomas,nikita achu thomas
amitha achu thomas,anjitha ann thomas
amitha achu thomas,smitha mol thomas
shalamuddin,salahuddin
shalamuddin,shaazuddin
shalamuddin,sharafuddin
shalamuddin,salavuddin
shalamuddin,shaladdin
lasajini,laajini
lasajini,sarajini
lasajini,c.sajini
lasajini,casalini
lasajini,haajini
ലിംന പവിത്രൻ,ദിൽന പവിത്രൻ
ലിംന പവിത്രൻ,വിപിന പവിത്രൻ
ലിംന പവിത്രൻ,ജിഷ പവിത്രൻ
ലിംന പവിത്രൻ,ബിനു പവിത്രൻ
ലിംന പവിത്രൻ,പി പവിത്രൻ
ജോസഫ് ജോമ്മി,റോസ് ജോഷ്മി
ജോസഫ് ജോമ്മി,ജോസഫ് ജോണ്
ജോസഫ് ജോമ്മി,ജോസഫ് ജോസ്
ജോസഫ് ജോമ്മി,ജോസഫ് ജോജ്ജു
ജോസഫ് ജോമ്മി,ജോസഫ്ജോക്കി
nowickca,nowice
nowickca,kolicka
nowickca,nowmika
nowickca,nicksa
nowickca,cowick
akshayraj,akshayaraj
akshayraj,akshyraj
akshayraj,akshay raj
akshayraj,arsha raj
akshayraj,akshay ram
renjith pillai,renjitha pillai
renjith pillai,rejitha pillai
renjith pillai,renjini pillai
renjith pillai,sreejith pillai
renjith pillai,ajith pillai
keerthilal,keerthy lal
keerthilal,keerthiram
keerthilal,keerthiya
keerthilal,keerthija
keerthilal,keerthika
സെയ്സിൽ എൻ പി,സെയ്തു എൻ പി
സെയ്സിൽ എൻ പി,സുപ്രിയ എൻ പി
സെയ്സിൽ എൻ പി,ബയ്സിൽ ടി പി
സെയ്സിൽ എൻ പി,ജെസ്സി എൻ ടി
സെയ്സിൽ എൻ പി,റെയ്സ എം പി
ശരിഅത്ത്,സരിത്ത്
ശരിഅത്ത്,ശിഫത്ത്
ശരിഅത്ത്,ശരത്ത്
ശരിഅത്ത്,ശശിത്ത്
ശരിഅത്ത്,ആരിയത്ത്
ragilekshmi,ragilakshmi
ragilekshmi,ramalekshmi
ragilekshmi,sailekshmi
ragilekshmi,nagalekshmi
ragilekshmi,adilekshmi
maradik,maradi
maradik,mabadi
maradik,musadik
maradik,saradi
maradik,masadi
vittaya,gittaya
vittaya,pittara
vittaya,vittna
vittaya,vijhaya
vittaya,vitaa
wepo,repo
wepo,weko
wepo,zepo
wepo,nepo
wepo,seto
byunghwee,eyunghee
byunghwee,gunhwee
byunghwee,kyungemee
byunghwee,byungae
byunghwee,jungwee
സാറ വി എസ്,സജു വി എസ്
സാറ വി എസ്,സഫ വി എസ്
സാറ വി എസ്,സാജു വി എസ്
സാറ വി എസ്,സാലി വി എസ്
സാറ വി എസ്,സോന വി എസ്
boufkhed,boufker
boufkhed,boukhit
boufkhed,boudred
boufkhed,roukhe
boufkhed,doukheh
mini .t,mini .e
mini .t,mini c.t
mini .t,mini m.s
mini .t,mini nb
mini .t,mili k.t
shobha mariya crasta,sunitha maria crasta
shobha mariya crasta,sophiya crasta
shobha mariya crasta,sobha mariyam john
shobha mariya crasta,shobha narayanan
shobha mariya crasta,soniya mariya vas
reshna,reshni
reshna,reshma
reshna,seshna
reshna,jeshna
reshna,reeshna
വിൻസെന്റ് ട്രൂമാൻ കെ,വിൻസെന്റ് കെ കെ
വിൻസെന്റ് ട്രൂമാൻ കെ,വിൻസെന്റ് ചീരൻ
വിൻസെന്റ് ട്രൂമാൻ കെ,വിൻസെൻറ് എൻ കെ
വിൻസെന്റ് ട്രൂമാൻ കെ,വിൻസെന്റ് രാജ് സി
വിൻസെന്റ് ട്രൂമാൻ കെ,വിൻസെന്റ് രാജ്
shanti mathyu,shini mathyu
shanti mathyu,soni mathyu
shanti mathyu,shani mathew
shanti mathyu,shanty mathew
shanti mathyu,shanto mathew
liri cheriachan,riri cheriyan
liri cheriachan,jose cheriachan
liri cheriachan,ligi cherian
liri cheriachan,liju cheriyan
liri cheriachan,sini kuriachan
rahmath a.pi,rahmath bayi
rahmath a.pi,rahmath pa
rahmath a.pi,rajath a.pi.
rahmath a.pi,rahmath kp
rahmath a.pi,rahmath .t
stephy dibin,stephy simon
stephy dibin,stephy jain
stephy dibin,stephy titto
stephy dibin,swathy libin
stephy dibin,stephy litto
bambi rose charles,rose charles
bambi rose charles,mariemol charles
bambi rose charles,robinson charles
bambi rose charles,albert charles
bambi rose charles,sam arun charles
പ്രേമവല്ലി എം പി,പ്രേമവല്ലി വി വി
പ്രേമവല്ലി എം പി,പ്രേമവല്ലി.എം.വി
പ്രേമവല്ലി എം പി,പ്രേമവല്ലി. സി
പ്രേമവല്ലി എം പി,പ്രേമവല്ലി വി കെ
പ്രേമവല്ലി എം പി,പ്രേമവല്ലി എൻ
jadwick,jadick
jadwick,garwick
jadwick,nedwick
jadwick,caddick
jadwick,jarnick
elumn,elum
elumn,lumon
elumn,eldin
elumn,ekum
elumn,elinn
ശ്രീകുമാർ നായർ എം കെ,ശ്രീകുമാരൻ നായർ എം എസ്
ശ്രീകുമാർ നായർ എം കെ,ശ്രികുമാരൻനായർ കെ
ശ്രീകുമാർ നായർ എം കെ,ശ്രീകണ്ഠൻ നായർ എസ് കെ
ശ്രീകുമാർ നായർ എം കെ,ശ്രീകുമാർ ആർ കെ
ശ്രീകുമാർ നായർ എം കെ,ശ്രീകുമാർ എം.കെ
khairunneesa.k.t,khairunneesa.ke.
khairunneesa.k.t,khairunneesa.ke.c
khairunneesa.k.t,khairuneesa.k.p
khairunneesa.k.t,hairunneesa.ke.k
khairunneesa.k.t,saifunneesa.k.t
n.p.sajeevan,p.s.sajeevan
n.p.sajeevan,v.n.sajeevan
n.p.sajeevan,u.p.rajeevan
n.p.sajeevan,o.k.sajeevan
n.p.sajeevan,t.v.rajeevan
claey,clacey
claey,clasey
claey,cleavy
claey,claury
claey,aley
serijas,serbas
serijas,surija
serijas,serian
serijas,sijas
serijas,shaijas
kesavan veluthakunj,kesavanezhuthaan
kesavan veluthakunj,bhavani velutha
kesavan veluthakunj,kesavanunnithan
kesavan veluthakunj,veluthakunj
kesavan veluthakunj,kesavan balan
സാന്ദ്ര ജയരാജ്,സാന്ദ്ര ജോസ്
സാന്ദ്ര ജയരാജ്,സാന്ദ്ര ജോർജ്
സാന്ദ്ര ജയരാജ്,സാന്ദ്ര ഷാജൻ
സാന്ദ്ര ജയരാജ്,സാന്ദ്ര സാജു
സാന്ദ്ര ജയരാജ്,സാന്ദ്ര ജോർജ്ജ്
كاجال,كاجول
كاجال,كاثرل
كاجال,كاماث
كاجال,تاجا
كاجال,ماجيل
കെ ഗൗരിഅമ്മ,വി ഗൗരിയമ്മ
കെ ഗൗരിഅമ്മ,ഗൗരിയമ്മ
കെ ഗൗരിഅമ്മ,കെ മാധവിഅമ്മ
കെ ഗൗരിഅമ്മ,കെ സരസമ്മ
കെ ഗൗരിഅമ്മ,കെ സൗമിനി അമ്മ
aji sekharan,aji sekhar
aji sekharan,aji sukumaran
aji sekharan,arjun sekharan
aji sekharan,arun sekharan
aji sekharan,rajsekharan
ഷമൽ കെ എം,അമൽ കെ എം
ഷമൽ കെ എം,ഷീബ കെ എം
ഷമൽ കെ എം,ഷംന കെ എം
ഷമൽ കെ എം,ഷമീന കെ എം
ഷമൽ കെ എം,എമിൽ കെ എം
simamgaladevi,sumangaladevi
simamgaladevi,syamaladevi
simamgaladevi,sumamgaleedevi
simamgaladevi,sasimamaladevi
simamgaladevi,sumgaladevi
edalatfar,edalatifard
edalatfar,ellatar
edalatfar,alattar
edalatfar,zalatar
edalatfar,dolatdar
john.k.e,john.k.v
john.k.e,john.k.s
john.k.e,john.n.a
john.k.e,john.o.u
john.k.e,john .k.s
dezelic,dereli
dezelic,detelić
dezelic,deklic
dezelic,deelia
dezelic,de elia
നിയ.ബി,നിയ ബി
നിയ.ബി,നസിയ ബി
നിയ.ബി,ന്യൂബി
നിയ.ബി,നിഭ.സി
നിയ.ബി,അനിത.ബി
hamsath shamsudeen,ramlath shamsudheen
hamsath shamsudeen,hashim shamsudeen
hamsath shamsudeen,afsal shamsudeen
hamsath shamsudeen,shamra shamsudeen
hamsath shamsudeen,shamnas shamsudeen
അൻഷിദ മറിയം പി,അൻഷിദ എം പി
അൻഷിദ മറിയം പി,അ൪ഷി മറിയ പിഎ
അൻഷിദ മറിയം പി,ജിൻസി മറിയ പി
അൻഷിദ മറിയം പി,അർഷിന മറിയം
അൻഷിദ മറിയം പി,അൻഷിദ് ടി പി
അജികുമാർ ആർ,രജികുമാർ ആർ
അജികുമാർ ആർ,അജി കുമാർ ആർ
അജികുമാർ ആർ,ജയകുമാർ ആർ
അജികുമാർ ആർ,അജിൽകുമാർ അർ
അജികുമാർ ആർ,ശശികുമാർ ആർ
നാസറസ് സനൽ,താഹറസ്സൽ
നാസറസ് സനൽ,സുലജ സനൽ
നാസറസ് സനൽ,നാജിഹ് സി
നാസറസ് സനൽ,നാഗേഷ് സി
നാസറസ് സനൽ,നാസർ സി
limi,liji
limi,limo
limi,mimi
limi,lipi
limi,imi
പി. കെ. രാമചന്ദ്രൻ,ടി. കെ. രാമചന്ദ്ര൯
പി. കെ. രാമചന്ദ്രൻ,എ.കെ. രാമചന്ദ്രൻ
പി. കെ. രാമചന്ദ്രൻ,സി. കെ. ഹേമചന്ദ്രൻ
പി. കെ. രാമചന്ദ്രൻ,പി. വി. ബാലചന്ദ്രൻ
പി. കെ. രാമചന്ദ്രൻ,എൻ.കെ രാമചന്ദ്രൻ
remya raj.k,remya raj.s
remya raj.k,remya raju.r
remya raj.k,remya raj
remya raj.k,ramya raj.
remya raj.k,remya rajen
ഉസൈബ ടി,ഉസൈ൯ ടി
ഉസൈബ ടി,ഉബൈബ് ടി
ഉസൈബ ടി,ഉസൈബ കെ
ഉസൈബ ടി,സൈബു ടി
ഉസൈബ ടി,ഉനൈദ ടി
hyayashi,havashi
hyayashi,hayashp
hyayashi,hayasi
hyayashi,jayashi
hyayashi,ohbayashi
സുബിരാജ് പിബി,ബാബുരാജ് പി.ബി
സുബിരാജ് പിബി,സബിൻരാജ് പി
സുബിരാജ് പിബി,സുബിത്ത് സിബി
സുബിരാജ് പിബി,സുരാജ് പി സി
സുബിരാജ് പിബി,സബിൻരാജ് പി വി
jayathudi,jayathavi
jayathudi,jayathi
jayathudi,jayatha
jayathudi,jayahari
jayathudi,jayagauri
സുനിതാ ബീഗം ബി,സുനിതാ ബീഗം റ്റി
സുനിതാ ബീഗം ബി,സുനിതാ ബീഗം
സുനിതാ ബീഗം ബി,സുനിതാബീഗം എൻ
സുനിതാ ബീഗം ബി,സുമിത ബീഗം പി
സുനിതാ ബീഗം ബി,സുഹറാ ബീഗം പി
kamalakshi anilal,kamalakshi amma
kamalakshi anilal,kamalashi ammal
kamalakshi anilal,kamalakshi si
kamalakshi anilal,kamalakshiamma
kamalakshi anilal,kamalaakshi amma
ജയിംസ്.വി.കോയിപ്പള്ളി,ജെസിമോൾ.കെ.കോയിപ്പള്ളി
ജയിംസ്.വി.കോയിപ്പള്ളി,ജോം ജി കോയിപ്പള്ളിൽ
ജയിംസ്.വി.കോയിപ്പള്ളി,അബൂട്ടി കൊയപ്പള്ളി
ജയിംസ്.വി.കോയിപ്പള്ളി,ജയിംസ്.പി.സണ്ണി
ജയിംസ്.വി.കോയിപ്പള്ളി,ജനീഷ കോഴിപ്പള്ളി
എബിൻ വി ജേക്കബ്,എബിൻ പി ജേക്കബ്
എബിൻ വി ജേക്കബ്,എജിൻ പി ജേക്കബ്
എബിൻ വി ജേക്കബ്,ജൂബിൻ വി ജേക്കബ്
എബിൻ വി ജേക്കബ്,ബിജു വി ജേക്കബ്
എബിൻ വി ജേക്കബ്,അനിൽ വി ജേക്കബ്
അമ്മദ് കോയിക്കര,അഹമ്മദ് റഫിക്ക്
അമ്മദ് കോയിക്കര,മമ്മദ് കോയ കെ
അമ്മദ് കോയിക്കര,അഹമ്മദ് കോയ.
അമ്മദ് കോയിക്കര,അഹമ്മദ് റയിഫ്
അമ്മദ് കോയിക്കര,വൈശാഖ് കോയിക്കൽ
kimbeiiy,kimbria
kimbeiiy,kimsey
kimbeiiy,kimbadi
kimbeiiy,kimberlly
kimbeiiy,simbily
kuttan azhuthaan,kannan azhuthaan
kuttan azhuthaan,kuttanezhuthassan
kuttan azhuthaan,rajan azhuthaan
kuttan azhuthaan,kuttan moothan
kuttan azhuthaan,appukuttan ezhuthaan
nijashmon,nijasmon
nijashmon,nija simon
nijashmon,nijay mon
nijashmon,vijeshmon
nijashmon,nihasmon
കമലാക്ഷി വാസുവാചാരി,കമലാക്ഷി സി പി
കമലാക്ഷി വാസുവാചാരി,കമലാക്ഷി എം വി
കമലാക്ഷി വാസുവാചാരി,കമലാക്ഷി ഒ.വി
കമലാക്ഷി വാസുവാചാരി,കമലാക്ഷി എസ് പി
കമലാക്ഷി വാസുവാചാരി,കമലാക്ഷി പിഷാരടി
vi santha,virantha
vi santha,visanth
vi santha,v.v santha
vi santha,vansantha
vi santha,ke santha
hirakawa,hirukawa
hirakawa,hinakawa
hirakawa,hirasawa
hirakawa,hirakata
hirakawa,hahakawa
കെ ചന്ദ്രൻ,കെ ഇന്ദ്രൻ
കെ ചന്ദ്രൻ,വി ചന്ദ്രൻ
കെ ചന്ദ്രൻ,ബി ചന്ദ്രൻ
കെ ചന്ദ്രൻ,ലെന ചന്ദ്രൻ
കെ ചന്ദ്രൻ,ലത ചന്ദ്രൻ
രാജലക്ഷമി.യു,രാജലക്ഷ്മി.ജെ
രാജലക്ഷമി.യു,രാജലക്ഷമി വി
രാജലക്ഷമി.യു,രാജലക്ഷമി. ജെ
രാജലക്ഷമി.യു,രാജലക്ഷമി
രാജലക്ഷമി.യു,രാജലക്ഷമി ജി
ആരിഫ തെഞ്ചീരി,ആമിന പൂവഞ്ചീരി
ആരിഫ തെഞ്ചീരി,ആമിന വാരഞ്ചീരി
ആരിഫ തെഞ്ചീരി,ബിന പച്ചീരി
ആരിഫ തെഞ്ചീരി,ആരിഫ കെ സി
ആരിഫ തെഞ്ചീരി,ആരിഫ ബഷീര്
lekha babu,rekha babu
lekha babu,lela babu
lekha babu,rekha sabu
lekha babu,rebha babu
lekha babu,mekha sabu
adjounian,arounian
adjounian,arjjunan
adjounian,dadourian
adjounian,jayhounian
adjounian,eddounia
അയ്യപ്പ സ്വരൂപ്,ജ്യോതി സ്വരൂപ്
അയ്യപ്പ സ്വരൂപ്,അയ്യപ്പൻ കാരാടൻ
അയ്യപ്പ സ്വരൂപ്,ശക്തിസ്വരൂപ്
അയ്യപ്പ സ്വരൂപ്,ശാന്തസ്വരൂപ്
അയ്യപ്പ സ്വരൂപ്,അയ്യപ്പൻ.കെ.എസ്
viji joyichan,viji joychan
viji joyichan,reji tomichan
viji joyichan,sini tomichan
viji joyichan,siji joyan
viji joyichan,libin joychan
orle,orhe
orle,oree
orle,orla
orle,orlem
orle,ole
eördögh,ördög
eördögh,erdöfi
eördögh,erdag
eördögh,erdesh
eördögh,erdagi
padmini kailas,padmini kumar
padmini kailas,padmini amma
padmini kailas,padmini bai
padmini kailas,nidhin kailas
padmini kailas,padmini pillai
elvisan,elvisa
elvisan,elliman
elvisan,elisa
elvisan,alisan
elvisan,ellian
ramachandran menon,ramchandra menon
ramachandran menon,jayachandra menon
ramachandran menon,sivachandran menon
ramachandran menon,ramachadramenon
ramachandran menon,premachandra menon
ഹരുൺലാൽ,ഷരുൺലാൽ
ഹരുൺലാൽ,ഹരി ലാൽ
ഹരുൺലാൽ,സരുലാൽ
ഹരുൺലാൽ,ചരൺലാൽ
ഹരുൺലാൽ,വരുൺ ലാൽ
roshini,roshni
roshini,eroshini
roshini,rohini
roshini,rosheni
roshini,rokhini
nair shilpa haridas,nimisha haridas
nair shilpa haridas,ashitha haridas
nair shilpa haridas,harsha haridas
nair shilpa haridas,hisha haridas
nair shilpa haridas,reshma haridas
muhammednasih.c.p,muhammed fasil.c.p
muhammednasih.c.p,muhammed asif.u.k
muhammednasih.c.p,muhammed ali.k.p
muhammednasih.c.p,mohammed asif.k.p
muhammednasih.c.p,muhammed asif.p.s
sajira,sajir
sajira,sabira
sajira,sajila
sajira,ajira
sajira,hajira
നതിയ മജീദ്,നജിയ മജീദ്
നതിയ മജീദ്,നാദിയ മജീദ്
നതിയ മജീദ്,അഫിയ മജീദ്
നതിയ മജീദ്,റാബിയ മജീദ്
നതിയ മജീദ്,ജിസ മജീദ്
sakkariyamonsi,sakkariyas
sakkariyamonsi,sakkariyan
sakkariyamonsi,sakkariyakunju
sakkariyamonsi,sakkariya.e
sakkariyamonsi,sakaridani
fathima feminas,fathima minas
fathima feminas,fathima femin
fathima feminas,fathima femi ap
fathima feminas,fathima famina
fathima feminas,fathima febina
naseeha ar,naseera ak
naseeha ar,rafeeha at
naseeha ar,nabeela ap
naseeha ar,naseema .p
naseeha ar,naseeba tc
mohan babu,mohanbabu
mohan babu,mohana babu
mohan babu,mosas babu
mohan babu,boban babu
mohan babu,sohanbabu
wiggli,wiggan
wiggli,wiggam
wiggli,giagli
wiggli,waggui
wiggli,tigoli
സ്റ്റെഫി ജോൺ സെബാസ്റ്റ്യൻ,സ്റ്റെഫി ആഷ്ന സെബാസ്റ്റൃൻ
സ്റ്റെഫി ജോൺ സെബാസ്റ്റ്യൻ,പേഴ്സി ജോൺ സെബാസ്റ്റ്യൻ
സ്റ്റെഫി ജോൺ സെബാസ്റ്റ്യൻ,സ്റ്റെഫി സെബാസ്റ്റിൻ
സ്റ്റെഫി ജോൺ സെബാസ്റ്റ്യൻ,റ്റിജിമോൾ സെബാസ്റ്റ്യൻ
സ്റ്റെഫി ജോൺ സെബാസ്റ്റ്യൻ,റ്റോജോ സെബാസ്റ്റ്യൻ
shifana shemi,shifana sherin
shifana shemi,shifana shams
shifana shemi,shana sheri
shifana shemi,shifana sherief
shifana shemi,shifana shibin
sukhoverkhov,sukhoverstov
sukhoverkhov,sukhovershin
sukhoverkhov,sakhonenkov
sukhoverkhov,khoverko
sukhoverkhov,sukhorado
എം പി രാമസാമി,എം വി രാധാമണി
എം പി രാമസാമി,എം പി കുമാരി
എം പി രാമസാമി,എം പി രമണി
എം പി രാമസാമി,എം പി സുമതി
എം പി രാമസാമി,എം പ്രേമരാജി
ജാനകിപള്ളിക്കര അമ്മ,ജാനകി പള്ളിക്കുടിയൻ
ജാനകിപള്ളിക്കര അമ്മ,സീനാപള്ളിക്കര
ജാനകിപള്ളിക്കര അമ്മ,ജാന്തർക്കമ്മ
ജാനകിപള്ളിക്കര അമ്മ,മാക്കിപിള്ളയാതിരി അമ്മ
ജാനകിപള്ളിക്കര അമ്മ,മാണിക്കി അമ്മ
രാഗി.ബി.എല്,രാഖി.ടി.എസ്
രാഗി.ബി.എല്,രാജി.സി.എസ്
രാഗി.ബി.എല്,ആരതി.ബി.എസ്
രാഗി.ബി.എല്,രാഗി ജി എസ്
രാഗി.ബി.എല്,രാഗിൻ ബി എസ്
basil saji varghese,basil k. varghese
basil saji varghese,akil sam varghese
basil saji varghese,anil sam varghese
basil saji varghese,basil ke varghese
basil saji varghese,ragi sara varghese
anjuna kumar,anjana kumar
anjuna kumar,anju kumar
anjuna kumar,ajana kumar
anjuna kumar,anjana kumari
anjuna kumar,ajun kumar
afthab sharon,anas sharon
afthab sharon,afthab ahamed
afthab sharon,afthab khader
afthab sharon,akshay shajin
afthab sharon,roshna sharon
xlooting,looling
xlooting,lofting
xlooting,xlaobing
xlooting,blooming
xlooting,clouting
anju sankar,anu sankar
anju sankar,manju sankar
anju sankar,manjusankar
anju sankar,appu sankar
anju sankar,manu sankar
yanet,qanet
yanet,yanhet
yanet,janet
yanet,yavet
yanet,matet
നാച്ചിയാർ,നാച്ച്യാർ
നാച്ചിയാർ,നാച്ചിമോൾ
നാച്ചിയാർ,നാച്ചാൾ
നാച്ചിയാർ,നാച്ചാൽ
നാച്ചിയാർ,പാച്ചി സി
തമ്പായി കെ പി,തമ്പായി പി പി
തമ്പായി കെ പി,റപ്പായി കെ പി
തമ്പായി കെ പി,തമ്പായി കെ കെ
തമ്പായി കെ പി,തമ്പായ് പി പി
തമ്പായി കെ പി,റപ്പായി കെ ജി
sariga joy,sariga roy
sariga joy,sarika joy
sariga joy,sari joy
sariga joy,mariya joy
sariga joy,sania joy
അനു അശോക് സി.എ.,അയന അശോക് സി.എം
അനു അശോക് സി.എ.,അനു അശോക് കെ വി
അനു അശോക് സി.എ.,അതുൽ അശോക് സി
അനു അശോക് സി.എ.,അനുശ്രീ സി.എ
അനു അശോക് സി.എ.,അനു അശോക്പോൾ
